[
  {
    "entityName": "E2",
    "entityBranchId": 1,
    "entityBranchName": "CEA",
    "entityBranchShortName": "DEA",
    "entityBranchCategory": "DEA",
    "entityBranchStatus": "DEA",
    "entityBranchDescription": "DEA",
    "entityBranchImageUrl": "DEA",
    "entityBranchAddLine1": "DEA",
    "entityBranchAddLine2": "DEA",
    "entityBranchCity": "DEA",
    "entityBranchState": "DEA",
    "entityBranchCountry": "DEA",
    "entityBranchPinCode": 134,
    "entityBranchPhone": "DEA",
    "entityBranchFax": "DEA",
    "entityBranchMobile": "DEA",
    "entityBranchWebsite": "DEA",
    "entityBranchEmail": "DEA",
    "entityBranchStartDate": "DEA"
  },
  {
    "entityName": "E2",
    "entityBranchId": 2,
    "entityBranchName": "DEA",
    "entityBranchShortName": "DEA",
    "entityBranchCategory": "DEA",
    "entityBranchStatus": "DEA",
    "entityBranchDescription": "DEA",
    "entityBranchImageUrl": "DEA",
    "entityBranchAddLine1": "DEA",
    "entityBranchAddLine2": "DEA",
    "entityBranchCity": "DEA",
    "entityBranchState": "DEA",
    "entityBranchCountry": "DEA",
    "entityBranchPinCode": 134,
    "entityBranchPhone": "DEA",
    "entityBranchFax": "DEA",
    "entityBranchMobile": "DEA",
    "entityBranchWebsite": "DEA",
    "entityBranchEmail": "DEA",
    "entityBranchStartDate": "DEA"
  },
  {
    "entityName": "E1",
    "entityBranchId": 1,
    "entityBranchName": "DEA",
    "entityBranchShortName": "DEA",
    "entityBranchCategory": "DEA",
    "entityBranchStatus": "DEA",
    "entityBranchDescription": "DEA",
    "entityBranchImageUrl": "DEA",
    "entityBranchAddLine1": "DEA",
    "entityBranchAddLine2": "DEA",
    "entityBranchCity": "DEA",
    "entityBranchState": "DEA",
    "entityBranchCountry": "DEA",
    "entityBranchPinCode": 134,
    "entityBranchPhone": "DEA",
    "entityBranchFax": "DEA",
    "entityBranchMobile": "DEA",
    "entityBranchWebsite": "DEA",
    "entityBranchEmail": "DEA",
    "entityBranchStartDate": "DEA"
  },
  {
    "entityName": "E1",
    "entityBranchId": 2,
    "entityBranchName": "FEA",
    "entityBranchShortName": "DEA",
    "entityBranchCategory": "DEA",
    "entityBranchStatus": "DEA",
    "entityBranchDescription": "DEA",
    "entityBranchImageUrl": "DEA",
    "entityBranchAddLine1": "DEA",
    "entityBranchAddLine2": "DEA",
    "entityBranchCity": "DEA",
    "entityBranchState": "DEA",
    "entityBranchCountry": "DEA",
    "entityBranchPinCode": 134,
    "entityBranchPhone": "DEA",
    "entityBranchFax": "DEA",
    "entityBranchMobile": "DEA",
    "entityBranchWebsite": "DEA",
    "entityBranchEmail": "DEA",
    "entityBranchStartDate": "DEA"
  }
]
