[
  {
    "entityId": 1,
    "entityName": "DEF",
    "entityShortName": "DEF",
    "entityCategory": "DEF",
    "entityStatus": "DEF",
    "entityDescription": "DEF",
    "entityImageUrl": "DEF",
    "entityLogo": "DEF",
    "entityIndustry": "DEF",
    "entityTaxID": "DEF",
    "entityAddLine1": "DEF",
    "entityAddLine2": "DEF",
    "entityCity": "DEF",
    "entityState": "DEF",
    "entityCountry": "DEF",
    "entityPinCode": 341,
    "entityPhone": "DEF",
    "entityFax": "DEF",
    "entityMobile": "DEF",
    "entityWebsite": "DEF",
    "entityEmail": "DEF",
    "entityStartDate": "DEF",
    "entityFiscalYear": "134",
    "entityTimeZone": "fad"
  },
  {
    "entityId": 1,
    "entityName": "BEF",
    "entityShortName": "DEF",
    "entityCategory": "DEF",
    "entityStatus": "DEF",
    "entityDescription": "DEF",
    "entityImageUrl": "DEF",
    "entityLogo": "DEF",
    "entityIndustry": "DEF",
    "entityTaxID": "DEF",
    "entityAddLine1": "DEF",
    "entityAddLine2": "DEF",
    "entityCity": "DEF",
    "entityState": "DEF",
    "entityCountry": "DEF",
    "entityPinCode": 341,
    "entityPhone": "DEF",
    "entityFax": "DEF",
    "entityMobile": "DEF",
    "entityWebsite": "DEF",
    "entityEmail": "DEF",
    "entityStartDate": "DEF",
    "entityFiscalYear": "134",
    "entityTimeZone": "fad"
  },
  {
    "entityId": 3,
    "entityName": "CEF",
    "entityShortName": "DEF",
    "entityCategory": "DEF",
    "entityStatus": "DEF",
    "entityDescription": "DEF",
    "entityImageUrl": "DEF",
    "entityLogo": "DEF",
    "entityIndustry": "DEF",
    "entityTaxID": "DEF",
    "entityAddLine1": "DEF",
    "entityAddLine2": "DEF",
    "entityCity": "DEF",
    "entityState": "DEF",
    "entityCountry": "DEF",
    "entityPinCode": 341,
    "entityPhone": "DEF",
    "entityFax": "DEF",
    "entityMobile": "DEF",
    "entityWebsite": "DEF",
    "entityEmail": "DEF",
    "entityStartDate": "DEF",
    "entityFiscalYear": "134",
    "entityTimeZone": "fad"
  }
]
